{"04504ec8-c391-3b71-a60b-d55c44419ab8": [100.0, 80.44520568847656, 100.0], "415ece98-abd5-3a67-9157-c40338de92ee": [80.0, 82.33870697021484, 80.0], "0944a6d4-55e5-34d6-ba22-e0aca007349b": [80.0, 82.91850280761719, 80.0], "75d07f16-2b2a-3045-a61d-75149d105ccd": [115.0, 91.4686050415039, 115.0], "42d9f16c-6c0f-3b05-886e-1e04ca9d46f7": [79.03919982910156, 109.010498046875, 79.03919982910156], "4ca6eb5f-1320-3853-ae9d-b38eab97dfdf": [86.49459838867188, 77.52239990234375, 76.23500061035156], "23477dce-20f9-340e-bebf-3dfaeb71b6b4": [71.14459991455078, 76.70159912109375, 81.05010223388672], "6c95f458-b1c1-37f5-ba84-bf96ddcf6656": [80.0, 81.69239807128906, 79.9999008178711], "56b9a175-9c88-36d6-a030-e1b948fdd102": [81.85359954833984, 93.30899810791016, 83.06010437011719], "2fb6e466-5020-36b4-825a-7c11d1a2ff90": [55.565399169921875, 87.60479736328125, 59.16480255126953], "5d404b9a-aabc-3202-aa45-342c79b88647": [83.34159851074219, 89.65579986572266, 80.50460052490234], "216e2aa6-cf42-3fdb-a955-0b18ca2802dc": [86.49459838867188, 77.52239990234375, 76.23500061035156], "7a733d8e-b383-37d2-841a-f77137a5389f": [83.8218002319336, 105.35489654541016, 95.00959777832031], "76588d6a-62de-3e6e-b6cc-3db856e42665": [127.28800201416016, 75.48799896240234, 127.28800201416016], "3472e703-287c-3eca-a92f-1bf0f9527308": [80.0, 81.69239807128906, 79.9999008178711], "2f4f4b29-851d-3fed-bfb9-292ae748c5fc": [122.16300201416016, 94.87660217285156, 121.90640258789062], "38153b7a-429f-3088-88f0-f56b2602400d": [83.8218002319336, 105.35489654541016, 95.00959777832031], "7bd3ed94-ca36-3166-8d5c-e536b2f2a931": [81.85359954833984, 93.30899810791016, 83.06010437011719], "0a4431a4-7214-32eb-88ff-6954da29a2da": [76.59880065917969, 75.92440032958984, 67.856201171875], "03c297d3-c451-3ae2-b310-cf4d493a6a3a": [80.5625, 87.1259994506836, 84.58709716796875], "4db035bd-3603-3ae3-98e3-b3e8c61dbda7": [74.65679931640625, 72.87210083007812, 74.16610717773438], "8396f9e8-020d-3f12-aed8-f3c03f1afc25": [148.3336944580078, 74.16239929199219, 126.49230194091797], "08105e17-9e57-354d-b6e2-22c2ffd287ae": [80.0, 80.05609893798828, 79.9999008178711], "04a5173b-47a3-311c-80fa-925bc924b296": [79.03919982910156, 109.010498046875, 79.03919982910156], "80fb06af-fab1-3df5-9a9f-d871b73e5429": [61.017799377441406, 63.934600830078125, 70.59210205078125], "5793b31f-8c59-37f8-a06e-7ebaaf61d132": [122.16300201416016, 94.87660217285156, 121.90640258789062], "211afccd-ca29-3845-958d-2325f600929e": [91.3499984741211, 81.92369842529297, 91.3499984741211], "5e093f91-25c1-3185-afc2-f63093a88948": [80.0, 82.33870697021484, 80.0], "27e7b15e-4823-370c-acf3-e3260a16c00f": [80.0, 82.91850280761719, 80.0], "6914bc9b-d7f3-3d85-9fdf-a8e30b54ed35": [77.4094009399414, 74.99700164794922, 77.4094009399414], "0da2a2ff-fd2d-3cd3-8dc9-9303c7a80814": [79.12510681152344, 90.06280517578125, 79.66070556640625], "31fc0baf-3bbc-360f-aaa2-e21d4b26eca4": [80.0, 76.10160064697266, 80.0], "189b4c48-c93e-31ac-be11-087e861f5b86": [80.0, 82.91850280761719, 80.0], "332a5983-809d-3ca1-b25f-02f517fde295": [91.3499984741211, 81.92369842529297, 91.3499984741211], "58a4a8c3-3c68-396d-8e3d-b357a2eec0c8": [120.0, 93.09980010986328, 130.0010986328125], "6d518ae9-c407-3782-b245-3ff053feddc8": [72.9845962524414, 81.14730072021484, 69.05860137939453], "10b38d44-c3ae-385d-800a-10d7fa215dac": [97.81220245361328, 57.94280242919922, 89.70020294189453], "4a211f95-0657-366f-943f-437290133b8f": [93.93820190429688, 69.77619934082031, 94.72329711914062], "2ab65a52-51ca-3e2f-b1ac-315e93f40773": [84.27660369873047, 106.88130187988281, 93.75019836425781], "2c482955-6a67-39f8-bd39-dd129f9869a9": [83.8218002319336, 105.35489654541016, 95.00959777832031], "3328d309-b3d5-301f-8537-f52409f35906": [55.565399169921875, 87.60479736328125, 59.16480255126953], "25996fe5-5445-3aaf-8d55-6c728b2847d4": [79.03919982910156, 109.010498046875, 79.03919982910156], "64dd3025-263a-3535-b70d-fe0c8da3d37a": [91.3499984741211, 81.92369842529297, 91.3499984741211], "64556062-aa99-333a-ae2a-bd214a499099": [80.5625, 87.1259994506836, 84.58709716796875], "13ea1157-9143-3b97-b0be-4a1e88780c2a": [95.0, 79.55760192871094, 95.0], "01e2dd49-dbbd-3bc4-84f2-ebeef1447f55": [79.03919982910156, 109.010498046875, 79.03919982910156], "23b828c7-3550-3aff-b339-0bc0225c0373": [74.65679931640625, 72.87210083007812, 74.16610717773438], "8314e676-c506-3017-b1d3-08d8b7625d85": [65.49449920654297, 81.14839935302734, 61.950897216796875], "290ad037-4370-3ad4-9926-369a00b569b5": [79.03919982910156, 109.010498046875, 79.03919982910156], "048191ba-1356-38d3-985b-514f70c1a684": [107.2467041015625, 101.5864028930664, 107.2467041015625], "0590988e-aad9-39e2-b613-b9787ecdfa52": [57.34960174560547, 76.05030059814453, 76.08679962158203], "0bb543c5-8b17-3fd2-a1e7-76b65a2ae317": [91.3499984741211, 81.92369842529297, 91.3499984741211], "6f0122e0-7043-31c7-b432-dd33542559a6": [86.49459838867188, 77.52239990234375, 76.23500061035156], "04bc088f-f644-397d-9d92-4d7fcc976ae5": [91.3499984741211, 81.92369842529297, 91.3499984741211], "34bd8afc-dd97-3b13-8d19-3fa28f025e51": [55.565399169921875, 87.60479736328125, 59.16480255126953], "1d225c81-9e90-35a6-8358-e9f50115e0f8": [55.565399169921875, 87.60479736328125, 59.16480255126953], "4e527a02-c289-3a12-b4ae-308ed5dc150b": [67.63480377197266, 90.23889923095703, 84.0154037475586], "1d135528-c365-3d6c-b4e4-80dc3ee56af9": [74.65679931640625, 72.87210083007812, 74.16610717773438], "769ab34b-95b7-36c3-bf07-71c9c7a89494": [91.3499984741211, 81.92369842529297, 91.3499984741211], "31120a4d-2be1-35b8-8bff-f80557d7463b": [116.11599731445312, 85.09339904785156, 134.9741973876953], "40db4732-2f69-3b1a-ab17-63cb5fd2f099": [86.49459838867188, 77.65149688720703, 76.23500061035156], "7c746b37-65f2-3b8b-83a8-c627a499ed84": [79.12510681152344, 90.06280517578125, 79.66070556640625], "631ce87e-431f-39d3-8bec-a090b03a1298": [93.1500015258789, 79.2031021118164, 93.1500015258789], "1a4303b5-a796-3f42-95f8-f1d881d3b7d6": [84.85359954833984, 79.96379852294922, 66.17050170898438], "5a829b8d-4fea-361b-93de-5af6fbd16481": [79.80449676513672, 76.79419708251953, 80.49490356445312], "6592885d-d992-3520-99af-68938059d874": [69.62809753417969, 79.37359619140625, 68.64959716796875], "63770650-a553-37a5-be08-99960d7d6ee5": [74.65679931640625, 72.87210083007812, 74.16610717773438], "38537074-3040-35ae-9908-0a729d498eec": [62.220001220703125, 84.48819732666016, 68.50399780273438], "64b44dd9-19ad-3235-b93d-c5f9c75e0257": [84.07939910888672, 111.64119720458984, 92.59619903564453], "460d03f4-c8f8-3416-91eb-7d3690ec353c": [129.27398681640625, 76.65519714355469, 135.95840454101562], "728b2ef4-01aa-30e0-83e8-571e4ea6cc8a": [101.5999984741211, 71.83650207519531, 101.5999984741211], "2fffc6f3-74fc-328e-aab4-942f37112f89": [92.79419708251953, 77.66859436035156, 77.53279876708984], "530c3dbc-ae01-3b03-a52d-7d9e61fe4f7f": [72.9845962524414, 81.14730072021484, 70.28950500488281], "23ad5b5a-ecde-343d-a266-0faaf1ddec2c": [79.03919982910156, 109.010498046875, 79.03919982910156], "382972eb-96cd-36e3-a0ab-62e73981ba89": [109.064697265625, 69.24520111083984, 99.96019744873047], "5e7c487b-1d01-3020-86b6-d776a24c87cd": [84.85279846191406, 75.29070281982422, 84.85279846191406], "14ffd310-f562-381c-b6c0-9931deb76c1e": [124.7748031616211, 84.93329620361328, 81.69979858398438], "2c250bde-e75c-3738-b84f-d5f06337a04f": [88.19059753417969, 77.73750305175781, 95.4458999633789], "55cc370a-e547-3b46-8f71-d165b46ca596": [163.1553955078125, 75.17759704589844, 90.0], "80511050-1b90-38d2-9e8f-d10526a79ab2": [61.0177001953125, 63.934600830078125, 70.59210205078125], "582aa35b-9184-3fac-98d7-b4abd3f2e985": [83.8218002319336, 105.35489654541016, 95.00959777832031], "3fca3628-408a-3948-8715-4cc3925bf1e1": [83.2676010131836, 77.08309936523438, 80.0], "2a7ad7b0-dc8b-4e72-b58d-fabb41a48cc7": [220.76919555664062, 186.1591033935547, 122.30879974365234], "7e101ef3-7722-4af8-90d5-7c562834fabd": [126.247802734375, 28.87619972229004, 72.78079986572266],